{
    "accuracy": 0.9436641971840877,
    "precision": 0.027347310847766638,
    "recall": 0.9183673469387755,
    "f1": 0.053113012688108585,
    "roc_auc": 0.9720834996210077,
    "training_time_seconds": 1.06
}