{
    "accuracy": 0.9755275446789088,
    "precision": 0.06097560975609756,
    "recall": 0.9183673469387755,
    "f1": 0.11435832274459974,
    "roc_auc": 0.9720834996210077,
    "training_time_seconds": 0.92
}